{  
   "a": {
      "val": 44,
      "note": "Ab2"
   },
   "oem_102": {
       "val": 45,
       "note": "A2"
    },
    "q": {
       "val": 46,
       "note": "Bb2"       
    },
    "z": {
       "val": 47,
       "note": "B2"       
    },
   "w": {
      "val": 48,
      "note": "C3"      
   },
   "s": {
      "val": 49,
      "note": "C#3"      
   },
   "e": {
      "val": 50,
      "note": "D3"      
   },
   "x": {
      "val": 51,
      "note": "Eb3"      
   },
   "d": {
      "val": 52,
      "note": "E3"      
   },
   "r": {
      "val": 53,
      "note": "F3"      
   },
   "c": {
      "val": 54,
      "note": "F#3"      
   },
   "f": {
      "val": 55,
      "note": "G3"
   },
   "t": {
      "val": 56,
      "note": "G#3"
   },
   "v": {
      "val": 57,
      "note": "A3"
   },
   "g": {
      "val": 58,
      "note": "Bb3"
   },
   "y": {
      "val": 59,
      "note": "B3"
   },
   "b": {
      "val": 60,
      "note": "C4"
   },
   "h": {
      "val": 61,
      "note": "C#4"
   },
   "u": {
      "val": 62,
      "note": "D4"
   },
   "n": {
      "val": 63,
      "note": "Eb4"
   },
   "j": {
      "val": 64,
      "note": "E4"
   },
   "i": {
      "val": 65,
      "note": "F4"
   },
   "oem_comma": {
      "val": 66,
      "note": "F#4"
   },
   "k": {
      "val": 67,
      "note": "G4"      
   },
   "o": {
      "val": 68,
      "note": "G#4"      
   },
   "oem_period": {
      "val": 69,
      "note": "A4"      
   },
   "l": {
      "val": 70,
      "note": "Bb4"      
   },
   "p": {
      "val": 71,
      "note": "B4"      
   },
   "oem_2": {
      "val": 72,
      "note": "C5"      
   },
   "m": {
       "val": 73,
       "note": "C#5"       
    },
   "oem_6": {
      "val": 74,
      "note": "D5"       
   },
   "oem_plus": {
      "val": 75,
      "note": "Eb5"       
   },
   "oem_3": {
      "val": 76,
      "note": "E5"       
   },
   "oem_1": {
      "val": 77,
      "note": "F5"       
   },
   "oem_5": {
      "val": 79,
      "note": "G5"       
   },

   "rshift": {
      "val": 81,
      "note": "A5"       
   },
   "return": {
      "val": 82,
      "note": "Bb5"       
   },


   "2": {
      "val": 44,
      "note": "Ab2"
   },
   "3": {
      "val": 48,
      "note": "C3"      
   },
   "4": {
      "val": 51,
      "note": "Eb3"      
   },
   "5": {
      "val": 54,
      "note": "F#3"      
   },
   "6": {
      "val": 57,
      "note": "A3"
   },
   "7": {
      "val": 60,
      "note": "C4"
   },
   "8": {
      "val": 63,
      "note": "Eb4"
   },
   "9": {
      "val": 66,
      "note": "F#4"
   },
   "0": {
      "val": 69,
      "note": "A4"      
   },
   "oem_4": {
      "val": 72,
      "note": "C5"      
   },
   "oem_minus": {
      "val": 75,
      "note": "Eb5"       
   }
}